TEST MSE,DENOISE TEST MSE
0.043836407363414764,0.033755410462617874
0.13594579696655273,0.12432605773210526
0.03519636392593384,0.025404103100299835
0.04017408937215805,0.0304782185703516
0.03393590450286865,0.023617854341864586
