TEST MSE,DENOISE TEST MSE
0.03755813464522362,0.026727812364697456
0.05676187574863434,0.04624485597014427
0.022014349699020386,0.010998440906405449
0.02384928986430168,0.013059873133897781
0.10840005427598953,0.09531029313802719
