TEST MSE,DENOISE TEST MSE
0.036273617297410965,0.026209231466054916
0.03144827112555504,0.021300898864865303
0.03898848220705986,0.029791763052344322
0.025583136826753616,0.01556810736656189
0.033770956099033356,0.02353345975279808
