TEST MSE,DENOISE TEST MSE
0.051206182688474655,0.04153023287653923
0.02655431628227234,0.01646667905151844
0.030936062335968018,0.020092345774173737
0.02819989062845707,0.01806897297501564
0.03397425636649132,0.02412630058825016
