TEST MSE,DENOISE TEST MSE
0.066106424,0.05407089
0.512419,0.4994293
0.5147148,0.5018189
0.048952155,0.037152603
0.060840096,0.048932966
