TEST MSE,DENOISE TEST MSE
0.05573877,0.04443581
0.07910013,0.0665163
0.08273725,0.07297479
0.07399491,0.06397653
0.08861337,0.078990236
