TEST MSE,DENOISE TEST MSE
0.08125719,0.06864925
0.071847275,0.059129264
0.3850009,0.3735231
0.10080595,0.08934055
0.07175887,0.05932029
