TEST MSE,DENOISE TEST MSE
0.0980621,0.0864441
0.09741734,0.08561573
0.071109094,0.05866406
0.07933811,0.06776426
0.10547737,0.09315252
