TEST MSE,DENOISE TEST MSE
0.05422434,0.04532166
0.038618855,0.028042005
0.04976851,0.040353067
0.51210386,0.49908966
0.07569876,0.065084495
