TEST MSE,DENOISE TEST MSE
0.06513103,0.054251473
0.03976563,0.029732266
0.06836404,0.057272416
0.059923854,0.04966791
0.090436734,0.07951947
