TEST MSE,DENOISE TEST MSE
0.5118442,0.49876195
0.08477639,0.07433638
0.051811635,0.041092917
0.51188457,0.49884194
0.100281596,0.08886403
