TEST MSE,DENOISE TEST MSE
0.0744084,0.062735476
0.08697935,0.0766149
0.08396107,0.0727637
0.10787757,0.096795894
0.077072926,0.06489693
