TEST MSE,DENOISE TEST MSE
0.19756269454956055,0.18360941112041473
0.16436384618282318,0.15062929689884186
0.09085545688867569,0.07818920165300369
0.19423769414424896,0.1813603937625885
0.20957383513450623,0.1967315822839737
