TEST MSE,DENOISE TEST MSE
0.09423868358135223,0.08230037987232208
0.07805853337049484,0.06745781004428864
0.08800699561834335,0.07587894052267075
0.12385332584381104,0.1117982268333435
0.07290598005056381,0.06117452681064606
