TEST MSE,DENOISE TEST MSE
0.04327193275094032,0.03224887698888779
0.05251036211848259,0.04260530695319176
0.05878389999270439,0.04842580854892731
0.058433715254068375,0.04661699756979942
0.12584419548511505,0.11290498077869415
