TEST MSE,DENOISE TEST MSE
0.06425408273935318,0.0526607483625412
0.07460285723209381,0.0635952353477478
0.06235653534531593,0.04995625838637352
0.058707740157842636,0.04564378410577774
0.0700615644454956,0.056429676711559296
