TEST MSE,DENOISE TEST MSE
0.05346595495939255,0.04246777296066284
0.3776717782020569,0.3663708567619324
0.05270078405737877,0.04140053316950798
0.06540484726428986,0.05360618606209755
0.04755862057209015,0.03716130554676056
