TEST MSE,DENOISE TEST MSE
0.08727169036865234,0.07456177473068237
0.12986677885055542,0.11753734946250916
0.12253107130527496,0.11001872271299362
0.06959722191095352,0.05612407997250557
0.06491933017969131,0.05283626541495323
