TEST MSE,DENOISE TEST MSE
0.13007505238056183,0.11734265834093094
0.12841808795928955,0.11508064717054367
0.06681481003761292,0.054440468549728394
0.06466299295425415,0.0514177568256855
0.06548208743333817,0.05296102911233902
