TEST MSE,DENOISE TEST MSE
0.07372346520423889,0.062499161809682846
0.056622277945280075,0.04599134624004364
0.06084354221820831,0.04905730485916138
0.05302668362855911,0.0414186455309391
0.07489027827978134,0.06293759495019913
