TEST MSE,DENOISE TEST MSE
0.017232531681656837,0.006614044774323702
0.02570161409676075,0.015146812424063683
0.02831432968378067,0.017229469493031502
0.03489238768815994,0.024271631613373756
0.020227665081620216,0.009448966942727566
