TEST MSE,DENOISE TEST MSE
0.027012737467885017,0.016765499487519264
0.025404708459973335,0.015275058336555958
0.02243434078991413,0.012490171007812023
0.022278165444731712,0.01186881959438324
0.02587314322590828,0.01553349755704403
