TEST MSE,DENOISE TEST MSE
0.05896921828389168,0.04760442674160004
0.029853345826268196,0.019139021635055542
0.029471062123775482,0.019339928403496742
0.026675298810005188,0.015741616487503052
0.01876780577003956,0.008145635016262531
