TEST MSE,DENOISE TEST MSE
0.028556236997246742,0.01915765553712845
0.05864356458187103,0.04850514605641365
0.025029826909303665,0.015392349101603031
0.024673515930771828,0.014642142690718174
0.14026516675949097,0.1303749978542328
