TEST MSE,DENOISE TEST MSE
0.00987951084971428,0.0017734316643327475
0.010800180956721306,0.002851818222552538
0.010754305869340897,0.002847724361345172
0.012157659977674484,0.005033600609749556
0.01097582932561636,0.0032609375193715096
