TEST MSE,DENOISE TEST MSE
0.012534617446362972,0.004226574208587408
0.01018703356385231,0.0020140032283961773
0.015659000724554062,0.006659042090177536
0.013418103568255901,0.005407722666859627
0.011825449764728546,0.00299474666826427
