TEST MSE,DENOISE TEST MSE
0.01349684875458479,0.004358310718089342
0.016716478392481804,0.00885612890124321
0.009342067874968052,0.001061783405020833
0.011196033097803593,0.0026206260081380606
0.011215554550290108,0.003698603482916951
