TEST MSE,DENOISE TEST MSE
0.012270701117813587,0.003388625103980303
0.010584439150989056,0.0025276353117078543
0.01377846859395504,0.005497227888554335
0.018765045329928398,0.010173071175813675
0.01105132419615984,0.0026914309710264206
