TEST MSE,DENOISE TEST MSE
0.06268355995416641,0.051071736961603165
0.059595827013254166,0.04804811626672745
0.06521323323249817,0.05390329286456108
0.10765925794839859,0.09607993066310883
0.06303230673074722,0.05146311596035957
