TEST MSE,DENOISE TEST MSE
0.07233796268701553,0.05898665264248848
0.07667334377765656,0.06395038217306137
0.06349939107894897,0.050738755613565445
0.076167032122612,0.06268496066331863
0.056481339037418365,0.04437921941280365
