TEST MSE,DENOISE TEST MSE
0.06924208998680115,0.058081865310668945
0.06264316290616989,0.05084763467311859
0.07296229153871536,0.060816410928964615
0.11180371791124344,0.09987832605838776
0.060916535556316376,0.04928623512387276
