TEST MSE,DENOISE TEST MSE
0.08137866854667664,0.06852489709854126
0.07234665006399155,0.06009325385093689
0.08654981851577759,0.0739545077085495
0.0817602127790451,0.0681128203868866
0.1209944635629654,0.10816241800785065
