TEST MSE,DENOISE TEST MSE
0.011688382364809513,0.0034952466376125813
0.011175311170518398,0.0032493809703737497
0.011267281137406826,0.003528256667777896
0.009756911545991898,0.0020107137970626354
0.010565750300884247,0.00184867181815207
