TEST MSE,DENOISE TEST MSE
0.02549693174660206,0.015895167365670204
0.01942354254424572,0.009508069604635239
0.01121566817164421,0.002533727092668414
0.011080879718065262,0.002194523112848401
0.012126225978136063,0.003028930863365531
