TEST MSE,DENOISE TEST MSE
0.011164226569235325,0.0027689174748957157
0.010090573690831661,0.0017002755776047707
0.011202248744666576,0.0028714770451188087
0.01153256744146347,0.002837651874870062
0.009977332316339016,0.0015692302258685231
