TEST MSE,DENOISE TEST MSE
0.011269787326455116,0.00232753180898726
0.00969810038805008,0.0019079670310020447
0.011531442403793335,0.0030839527025818825
0.010834201239049435,0.0028818813152611256
0.012824191711843014,0.005913428030908108
